{"Date":{"0":1763953200000,"1":1764039600000,"2":1764126000000,"3":1764212400000,"4":1764298800000,"5":1764558000000,"6":1764644400000,"7":1764730800000,"8":1764817200000,"9":1764903600000,"10":1765162800000,"11":1765249200000,"12":1765335600000,"13":1765422000000,"14":1765508400000,"15":1765767600000,"16":1765854000000,"17":1765940400000,"18":1766026800000,"19":1766113200000,"20":1766372400000,"21":1766458800000},"Open":{"0":31.5725154468,"1":31.3688811396,"2":31.3979737638,"3":31.3010046554,"4":31.2913087086,"5":30.9810141024,"6":30.9616205038,"7":31.1749498584,"8":31.5046386753,"9":31.5143321711,"10":30.6125375134,"11":30.6513255699,"12":30.9131356526,"13":30.9131348929,"14":30.4573900907,"15":30.7192020832,"16":30.5737522506,"17":29.9240725418,"18":30.2537608493,"19":30.127702648,"20":30.3022439956,"21":30.5499992371},"High":{"0":31.756751759,"1":31.4561517493,"2":31.4270627339,"3":31.4173679352,"4":31.3300964675,"5":31.1943393787,"6":31.0973739624,"7":31.5143335089,"8":31.7567517179,"9":31.9118974444,"10":31.0197997312,"11":30.9325294245,"12":31.0198001406,"13":30.932528772,"14":30.757987821,"15":30.9325292075,"16":30.5737522506,"17":30.1373996735,"18":30.3313345192,"19":30.2925469287,"20":30.5737527677,"21":30.5699996948},"Low":{"0":31.3785803452,"1":31.1167681001,"2":31.1264631458,"3":31.2234328345,"4":30.3410308104,"5":30.6125377904,"6":30.4864815494,"7":31.1749498584,"8":31.4658509152,"9":30.4186038971,"10":30.5349638457,"11":30.3798168056,"12":30.5834489477,"13":30.3022424979,"14":30.3895133629,"15":30.6319314756,"16":29.6816541285,"17":29.8852847818,"18":29.8949814701,"19":30.0307350978,"20":30.1567935944,"21":30.2099990845},"Close":{"0":31.5531215668,"1":31.3010044098,"2":31.2525215149,"3":31.4173679352,"4":30.8258666992,"5":30.8840465546,"6":31.0973739624,"7":31.3300971985,"8":31.5337276459,"9":30.4186038971,"10":30.6998081207,"11":30.893743515,"12":30.9713172913,"13":30.4573898315,"14":30.6319313049,"15":30.7385959625,"16":29.8077106476,"17":30.1373996735,"18":29.9628582001,"19":30.0695228577,"20":30.1567935944,"21":30.2600002289},"Volume":{"0":38665600,"1":28431100,"2":25042100,"3":16087400,"4":60420500,"5":29489100,"6":25574100,"7":36630000,"8":33009700,"9":74495100,"10":30271600,"11":23863000,"12":22123700,"13":64927900,"14":39659900,"15":31898900,"16":52661900,"17":39337100,"18":34311000,"19":45807700,"20":35896900,"21":21791400},"Dividends":{"0":0.0,"1":0.0,"2":0.0,"3":0.0,"4":0.0,"5":0.0,"6":0.0,"7":0.0,"8":0.0,"9":0.0,"10":0.0,"11":0.0,"12":0.0,"13":0.0,"14":0.0,"15":0.0,"16":0.0,"17":0.0,"18":0.0,"19":0.0,"20":0.0,"21":0.943208},"Stock Splits":{"0":0.0,"1":0.0,"2":0.0,"3":0.0,"4":0.0,"5":0.0,"6":0.0,"7":0.0,"8":0.0,"9":0.0,"10":0.0,"11":0.0,"12":0.0,"13":0.0,"14":0.0,"15":0.0,"16":0.0,"17":0.0,"18":0.0,"19":0.0,"20":0.0,"21":0.0},"acao_tag":{"0":"PETR4.SA","1":"PETR4.SA","2":"PETR4.SA","3":"PETR4.SA","4":"PETR4.SA","5":"PETR4.SA","6":"PETR4.SA","7":"PETR4.SA","8":"PETR4.SA","9":"PETR4.SA","10":"PETR4.SA","11":"PETR4.SA","12":"PETR4.SA","13":"PETR4.SA","14":"PETR4.SA","15":"PETR4.SA","16":"PETR4.SA","17":"PETR4.SA","18":"PETR4.SA","19":"PETR4.SA","20":"PETR4.SA","21":"PETR4.SA"}}